Date,Close,Volume
2013-01-02,19.608213,560518000
2013-01-03,19.360714,352965200
2013-01-04,18.821428,594333600
2013-01-07,18.710714,484156400
2013-01-08,18.761070,458707200
2013-01-09,18.467857,407604400
2013-01-10,18.696787,601146000
2013-01-11,18.582144,350506800
2013-01-14,17.919643,734207600
2013-01-15,17.354286,876772400
2013-01-16,18.074642,690804800
2013-01-17,17.952856,453678400
2013-01-18,17.857143,472922800
2013-01-22,18.027500,461546400
2013-01-23,18.357500,861509600
2013-01-24,16.089287,1460852400
2013-01-25,15.710000,1208026400
2013-01-28,16.065357,785517600
2013-01-29,16.366785,571158000
2013-01-30,16.315357,417155200
2013-01-31,16.267500,319334400
2013-02-01,16.200714,539484400
2013-02-04,15.797143,477117200
2013-02-05,16.351429,573347600
2013-02-06,16.333929,593706400
2013-02-07,16.722143,704580800
2013-02-08,16.963572,633158400
2013-02-11,17.140356,517490400
2013-02-12,16.710714,609053200
2013-02-13,16.678928,475207600
2013-02-14,16.663929,355275200
2013-02-15,16.434286,391745200
2013-02-19,16.428213,435783600
2013-02-20,16.030357,476302400
2013-02-21,15.930714,447182400
2013-02-22,16.100357,330654800
2013-02-25,15.814286,372579200
2013-02-26,16.034643,501499600
2013-02-27,15.877500,587350400
2013-02-28,15.764286,322515200
2013-03-01,15.373929,552448400
2013-03-04,15.001786,582755600
2013-03-05,15.397857,638433600
2013-03-06,15.202143,460250000
2013-03-07,15.377857,468473600
2013-03-08,15.418571,391482000
2013-03-11,15.638214,474236000
2013-03-12,15.301071,465911600
2013-03-13,15.298214,405549200
2013-03-14,15.446429,303875600
2013-03-15,15.845000,643960800
2013-03-18,16.275715,606197200
2013-03-19,16.231787,526775200
2013-03-20,16.145714,308660800
2013-03-21,16.168928,383255600
2013-03-22,16.496786,395105200
2013-03-25,16.556429,501135600
2013-03-26,16.469286,294294000
2013-03-27,16.145714,331237200
2013-03-28,15.809286,442839600
2013-04-01,15.318214,389732000
2013-04-02,15.349643,529519200
2013-04-03,15.428214,363216000
2013-04-04,15.275714,358447600
2013-04-05,15.114286,383695200
2013-04-08,15.221786,300829200
2013-04-09,15.249286,306614000
2013-04-10,15.560357,375928000
2013-04-11,15.511786,328364400
2013-04-12,15.350000,238613200
2013-04-15,14.994643,317520000
2013-04-16,15.222857,305771200
2013-04-17,14.385714,945056000
2013-04-18,14.001786,666299200
2013-04-19,13.947500,609274400
2013-04-22,14.238214,429920400
2013-04-23,14.504643,664238400
2013-04-24,14.480714,969651200
2013-04-25,14.585000,384837600
2013-04-26,14.900000,764097600
2013-04-29,15.361429,640326400
2013-04-30,15.813571,691538400
2013-05-01,15.688929,506909200
2013-05-02,15.911429,421828400
2013-05-03,16.070715,361300800
2013-05-06,16.453930,496641600
2013-05-07,16.380714,483753200
2013-05-08,16.565714,472598000
2013-05-09,16.313213,398487600
2013-05-10,16.177500,334852000
2013-05-13,16.240713,316948800
2013-05-14,15.852143,447118000
2013-05-15,15.316071,741613600
2013-05-16,15.520714,603204000
2013-05-17,15.473571,427904400
2013-05-20,15.818929,451578400
2013-05-21,15.702143,456022000
2013-05-22,15.762500,443038400
2013-05-23,15.790714,353021200
2013-05-24,15.898214,276166800
2013-05-28,15.765714,386145200
2013-05-29,15.891071,330576400
2013-05-30,16.127857,353519600
2013-05-31,16.061787,384302800
2013-06-03,16.097143,372352400
2013-06-04,16.046785,292728800
2013-06-05,15.896786,290589600
2013-06-06,15.659286,416934000
2013-06-07,15.778929,404535600
2013-06-10,15.674643,450153200
2013-06-11,15.628571,286112400
2013-06-12,15.435357,265227200
2013-06-13,15.570000,285832400
2013-06-14,15.358929,271866000
2013-06-17,15.428571,259414400
2013-06-18,15.420357,195025600
2013-06-19,15.107143,310940000
2013-06-20,14.887143,357310800
2013-06-21,14.767857,481118400
2013-06-24,14.376429,480746000
2013-06-25,14.379643,314162800
2013-06-26,14.216786,367724000
2013-06-27,14.063571,337246000
2013-06-28,14.161786,578516400
2013-07-01,14.615000,391053600
2013-07-02,14.946071,469865200
2013-07-03,15.028571,240928800
2013-07-05,14.907857,274024800
2013-07-08,14.823214,298138400
2013-07-09,15.083929,352584400
2013-07-10,15.026071,281405600
2013-07-11,15.260357,326292400
2013-07-12,15.232500,279563200
2013-07-15,15.265714,241917200
2013-07-16,15.364286,216538000
2013-07-17,15.368214,198990400
2013-07-18,15.420000,218878800
2013-07-19,15.176786,268721600
2013-07-22,15.225357,207796400
2013-07-23,14.963929,369395600
2013-07-24,15.732500,591936800
2013-07-25,15.660714,229493600
2013-07-26,15.749643,200152400
2013-07-29,15.992500,248057600
2013-07-30,16.190001,309422400
2013-07-31,16.161785,322957600
2013-08-01,16.309999,206250800
2013-08-02,16.519285,274783600
2013-08-05,16.766071,318855600
2013-08-06,16.616072,334857600
2013-08-07,16.606428,298858000
2013-08-08,16.464643,255777200
2013-08-09,16.230356,266865200
2013-08-12,16.691429,364434000
2013-08-13,17.484644,881941200
2013-08-14,17.803572,756372400
2013-08-15,17.782499,490294000
2013-08-16,17.940357,362306000
2013-08-19,18.133572,510518400
2013-08-20,17.895357,358688400
2013-08-21,17.941429,335879600
2013-08-22,17.962856,244207600
2013-08-23,17.893572,222731600
2013-08-26,17.963215,330965600
2013-08-27,17.449642,424188800
2013-08-28,17.532143,307608000
2013-08-29,17.560715,239657600
2013-08-30,17.400715,272297200
2013-09-03,17.449286,331928800
2013-09-04,17.810356,345032800
2013-09-05,17.688213,236367600
2013-09-06,17.793571,359525600
2013-09-09,18.077499,340687200
2013-09-10,17.665714,743195600
2013-09-11,16.703930,898696400
2013-09-12,16.881786,404051200
2013-09-13,16.603571,298835600
2013-09-16,16.075714,543706800
2013-09-17,16.261429,399380800
2013-09-18,16.595715,456862000
2013-09-19,16.867857,404541200
2013-09-20,16.693214,699302800
2013-09-23,17.522858,762106800
2013-09-24,17.467857,364344400
2013-09-25,17.197500,316957200
2013-09-26,17.365000,237221600
2013-09-27,17.241072,228040400
2013-09-30,17.026787,260156400
2013-10-01,17.427143,353883600
2013-10-02,17.484285,289184000
2013-10-03,17.264643,322753200
2013-10-04,17.251072,258868400
2013-10-07,17.419643,312292400
2013-10-08,17.176430,290917200
2013-10-09,17.378214,301725200
2013-10-10,17.487143,278602800
2013-10-11,17.600357,267738800
2013-10-14,17.715714,261898000
2013-10-15,17.809999,320073600
2013-10-16,17.896786,251101200
2013-10-17,18.017857,253593200
2013-10-18,18.174643,290542000
2013-10-21,18.620001,398106800
2013-10-22,18.566786,534063600
2013-10-23,18.748571,313723200
2013-10-24,18.996786,384764800
2013-10-25,18.784286,337792000
2013-10-28,18.924286,550440800
2013-10-29,18.452856,635807200
2013-10-30,18.746429,354163600
2013-10-31,18.667856,275696400
2013-11-01,18.572500,274890000
2013-11-04,18.812500,244627600
2013-11-05,18.766071,265213200
2013-11-06,18.604286,223375600
2013-11-07,18.303213,262620400
2013-11-08,18.591429,279316800
2013-11-11,18.537500,227452400
2013-11-12,18.571787,204276800
2013-11-13,18.593929,197220800
2013-11-14,18.862858,282419200
2013-11-15,18.749643,317920400
2013-11-18,18.522499,244944000
2013-11-19,18.555357,208938800
2013-11-20,18.392857,193916800
2013-11-21,18.612143,262026800
2013-11-22,18.564285,223725600
2013-11-25,18.705000,229311600
2013-11-26,19.049999,401382800
2013-11-27,19.498571,363448400
2013-11-29,19.859644,318127600
2013-12-02,19.686787,472544800
2013-12-03,20.225714,450968000
2013-12-04,20.178572,377809600
2013-12-05,20.282143,447580000
2013-12-06,20.000713,344352400
2013-12-09,20.229643,320493600
2013-12-10,20.198214,278269600
2013-12-11,20.048571,359718800
2013-12-12,20.019285,262290000
2013-12-13,19.801071,332822000
2013-12-16,19.910713,282592800
2013-12-17,19.821072,229902400
2013-12-18,19.670357,565863200
2013-12-19,19.445000,320308800
2013-12-20,19.607857,436413600
2013-12-23,20.360357,501306400
2013-12-24,20.273930,167554800
2013-12-26,20.139286,204008000
2013-12-27,20.003214,225884400
2013-12-30,19.804285,253629600
2013-12-31,20.036428,223084400
2014-01-02,19.754642,234684800
2014-01-03,19.320715,392467600
2014-01-06,19.426071,412610800
2014-01-07,19.287144,317209200
2014-01-08,19.409286,258529600
2014-01-09,19.161428,279148800
2014-01-10,19.033571,304976000
2014-01-13,19.133215,378492800
2014-01-14,19.513929,332561600
2014-01-15,19.905714,391638800
2014-01-16,19.794643,229278000
2014-01-17,19.309643,426739600
2014-01-21,19.609644,328526800
2014-01-22,19.696787,379985200
2014-01-23,19.863571,403239200
2014-01-24,19.502501,429354800
2014-01-27,19.660713,554878800
2014-01-28,18.089287,1065523200
2014-01-29,17.883928,502810000
2014-01-30,17.849285,678501600
2014-01-31,17.878571,464797200
2014-02-03,17.911785,401464000
2014-02-04,18.171070,376681200
2014-02-05,18.306786,328344800
2014-02-06,18.303928,257765200
2014-02-07,18.559999,370280400
2014-02-10,18.892500,345559200
2014-02-11,19.141430,282256800
2014-02-12,19.139999,308100800
2014-02-13,19.443930,307398000
2014-02-14,19.428213,272924400
2014-02-18,19.499643,260251600
2014-02-19,19.191786,313768000
2014-02-20,18.969643,305858000
2014-02-21,18.758928,278784800
2014-02-24,18.841070,288909600
2014-02-25,18.645000,231952000
2014-02-26,18.476786,276217200
2014-02-27,18.845358,301882000
2014-02-28,18.794287,371968800
2014-03-03,18.848572,238781200
2014-03-04,18.972857,259140000
2014-03-05,19.012857,200062800
2014-03-06,18.955357,185488800
2014-03-07,18.944286,220729600
2014-03-10,18.961430,178584000
2014-03-11,19.146070,279224400
2014-03-12,19.164642,199326400
2014-03-13,18.951786,257742800
2014-03-14,18.738930,237199200
2014-03-17,18.812143,199544800
2014-03-18,18.978571,209647200
2014-03-19,18.973572,224756000
2014-03-20,18.882143,208398400
2014-03-21,19.031071,374046400
2014-03-24,19.256786,355700800
2014-03-25,19.463928,282293200
2014-03-26,19.277857,299768000
2014-03-27,19.195000,222031600
2014-03-28,19.173571,200564000
2014-03-31,19.169287,168669200
2014-04-01,19.344643,200760000
2014-04-02,19.376785,180420800
2014-04-03,19.242500,162344000
2014-04-04,18.993570,275251200
2014-04-07,18.695356,289850400
2014-04-08,18.694286,243888400
2014-04-09,18.940001,206169600
2014-04-10,18.695715,239652000
2014-04-11,18.557501,271717600
2014-04-14,18.631430,205674000
2014-04-15,18.498571,266490000
2014-04-16,18.536072,214765600
2014-04-17,18.747856,284334400
2014-04-21,18.970358,182548800
2014-04-22,18.989286,202563200
2014-04-23,18.741072,394940000
2014-04-24,20.277500,759911600
2014-04-25,20.426430,390275200
2014-04-28,21.217501,669485600
2014-04-29,21.154642,337377600
2014-04-30,21.074642,456640800
2014-05-01,21.124287,244048000
2014-05-02,21.163570,191514400
2014-05-05,21.462856,287067200
2014-05-06,21.228930,374564400
2014-05-07,21.154642,282864400
2014-05-08,20.999643,230297200
2014-05-09,20.912144,291597600
2014-05-12,21.172501,213208800
2014-05-13,21.205713,159737200
2014-05-14,21.209642,166404000
2014-05-15,21.029285,230846000
2014-05-16,21.339643,276256400
2014-05-19,21.592501,317755200
2014-05-20,21.596786,234836000
2014-05-21,21.653929,196859600
2014-05-22,21.688213,200760000
2014-05-23,21.933214,232209600
2014-05-27,22.343929,348866000
2014-05-28,22.286072,315481600
2014-05-29,22.692142,376474000
2014-05-30,22.607143,564020800
2014-06-02,22.451786,369350800
2014-06-03,22.769285,292709200
2014-06-04,23.029285,335482000
2014-06-05,23.119642,303805600
2014-06-06,23.056070,349938400
2014-06-09,23.424999,301660000
2014-06-10,23.562500,251108000
2014-06-11,23.465000,182724000
2014-06-12,23.072500,218996000
2014-06-13,22.820000,218100000
2014-06-16,23.049999,142244000
2014-06-17,23.020000,118904000
2014-06-18,23.045000,134056000
2014-06-19,22.965000,142112000
2014-06-20,22.727501,403592000
2014-06-23,22.707500,174776000
2014-06-24,22.570000,156144000
2014-06-25,22.590000,147476000
2014-06-26,22.725000,130516000
2014-06-27,22.995001,256116000
2014-06-30,23.232500,197929200
2014-07-01,23.379999,152892000
2014-07-02,23.370001,113860000
2014-07-03,23.507500,91567200
2014-07-07,23.992500,225872000
2014-07-08,23.837500,260888000
2014-07-09,23.847500,145744000
2014-07-10,23.760000,158744000
2014-07-11,23.805000,136072000
2014-07-14,24.112499,171240000
2014-07-15,23.830000,181911600
2014-07-16,23.695000,213585200
2014-07-17,23.272499,229192000
2014-07-18,23.607500,199952000
2014-07-21,23.485001,156316000
2014-07-22,23.680000,220788000
2014-07-23,24.297501,371672000
2014-07-24,24.257500,182916000
2014-07-25,24.417500,173876000
2014-07-28,24.754999,221272000
2014-07-29,24.594999,172572000
2014-07-30,24.537500,132040000
2014-07-31,23.900000,227372000
2014-08-01,24.032499,194044000
2014-08-04,23.897499,159832000
2014-08-05,23.780001,223732000
2014-08-06,23.740000,154232000
2014-08-07,23.620001,186844000
2014-08-08,23.684999,167460000
2014-08-11,23.997499,146340000
2014-08-12,23.992500,135180000
2014-08-13,24.309999,127664000
2014-08-14,24.375000,112464000
2014-08-15,24.495001,195804000
2014-08-18,24.790001,190288000
2014-08-19,25.132500,277596000
2014-08-20,25.142500,210796000
2014-08-21,25.145000,133912000
2014-08-22,25.330000,176736000
2014-08-25,25.385000,161080000
2014-08-26,25.222500,132608000
2014-08-27,25.532499,209476000
2014-08-28,25.562500,273840000
2014-08-29,25.625000,178380000
2014-09-02,25.825001,214256000
2014-09-03,24.735001,501684000
2014-09-04,24.530001,342872000
2014-09-05,24.742500,233828000
2014-09-08,24.590000,185426800
2014-09-09,24.497499,759385200
2014-09-10,25.250000,403478400
2014-09-11,25.357500,249412400
2014-09-12,25.415001,250504400
2014-09-15,25.407499,245266000
2014-09-16,25.215000,267632400
2014-09-17,25.395000,243706000
2014-09-18,25.447500,149197600
2014-09-19,25.240000,283609600
2014-09-22,25.264999,211153600
2014-09-23,25.660000,253608800
2014-09-24,25.437500,240687200
2014-09-25,24.467501,400368000
2014-09-26,25.187500,249482000
2014-09-29,25.027500,199065200
2014-09-30,25.187500,221056400
2014-10-01,24.795000,205965200
2014-10-02,24.975000,191031200
2014-10-03,24.905001,173878400
2014-10-06,24.905001,148204800
2014-10-07,24.687500,168376800
2014-10-08,25.200001,229618800
2014-10-09,25.254999,309506000
2014-10-10,25.182501,265326400
2014-10-13,24.952499,214333600
2014-10-14,24.687500,254754400
2014-10-15,24.385000,403734400
2014-10-16,24.065001,288618000
2014-10-17,24.417500,272718800
2014-10-20,24.940001,310069200
2014-10-21,25.617500,378495600
2014-10-22,25.747499,273052400
2014-10-23,26.207500,284298800
2014-10-24,26.305000,188215600
2014-10-27,26.277500,136750800
2014-10-28,26.684999,192243600
2014-10-29,26.834999,210751600
2014-10-30,26.745001,162619200
2014-10-31,27.000000,178557200
2014-11-03,27.350000,209130400
2014-11-04,27.150000,166297600
2014-11-05,27.215000,149743600
2014-11-06,27.174999,139874000
2014-11-07,27.252501,134766000
2014-11-10,27.207500,108782000
2014-11-11,27.424999,109769200
2014-11-12,27.812500,187769600
2014-11-13,28.205000,238091600
2014-11-14,28.545000,176254400
2014-11-17,28.497499,186986800
2014-11-18,28.867500,176896000
2014-11-19,28.667500,167476800
2014-11-20,29.077499,173582000
2014-11-21,29.117500,228717200
2014-11-24,29.657499,189803200
2014-11-25,29.400000,275361600
2014-11-26,29.750000,163073200
2014-11-28,29.732500,99257600
2014-12-01,28.767500,335256000
2014-12-02,28.657499,237395600
2014-12-03,28.982500,172253600
2014-12-04,28.872499,168178000
2014-12-05,28.750000,153275600
2014-12-08,28.100000,230659600
2014-12-09,28.530001,240832000
2014-12-10,27.987499,178261200
2014-12-11,27.905001,165606800
2014-12-12,27.432501,224112400
2014-12-15,27.057501,268872400
2014-12-16,26.687500,243162800
2014-12-17,27.352501,213647200
2014-12-18,28.162500,236024800
2014-12-19,27.945000,353719200
2014-12-22,28.235001,180670000
2014-12-23,28.135000,104113600
2014-12-24,28.002501,57918400
2014-12-26,28.497499,134884000
2014-12-29,28.477501,110395600
2014-12-30,28.129999,119526000
2014-12-31,27.594999,165613600
2015-01-02,27.332500,212818400
2015-01-05,26.562500,257142000
2015-01-06,26.565001,263188400
2015-01-07,26.937500,160423600
2015-01-08,27.972500,237458000
2015-01-09,28.002501,214798000
2015-01-12,27.312500,198603200
2015-01-13,27.555000,268367600
2015-01-14,27.450001,195826400
2015-01-15,26.705000,240056000
2015-01-16,26.497499,314053200
2015-01-20,27.180000,199599600
2015-01-21,27.387501,194303600
2015-01-22,28.100000,215185600
2015-01-23,28.245001,185859200
2015-01-26,28.275000,222460000
2015-01-27,27.285000,382274800
2015-01-28,28.827499,585908400
2015-01-29,29.725000,337745600
2015-01-30,29.290001,334982000
2015-02-02,29.657499,250956400
2015-02-03,29.662500,207662800
2015-02-04,29.889999,280598800
2015-02-05,29.985001,168984800
2015-02-06,29.732500,174826400
2015-02-09,29.930000,155559200
2015-02-10,30.504999,248034000
2015-02-11,31.219999,294247200
2015-02-12,31.615000,297898000
2015-02-13,31.770000,217088800
2015-02-17,31.957500,252609600
2015-02-18,32.180000,179566800
2015-02-19,32.112499,149449600
2015-02-20,32.375000,195793600
2015-02-23,33.250000,283896400
2015-02-24,33.042500,276912400
2015-02-25,32.197498,298846800
2015-02-26,32.605000,365150000
2015-02-27,32.115002,248059200
2015-03-02,32.272499,192386800
2015-03-03,32.340000,151265200
2015-03-04,32.134998,126665200
2015-03-05,31.602501,226068400
2015-03-06,31.650000,291368400
2015-03-09,31.785000,354114000
2015-03-10,31.127501,275426400
2015-03-11,30.559999,275756000
2015-03-12,31.112499,193450800
2015-03-13,30.897499,207309200
2015-03-16,31.237499,143497200
2015-03-17,31.760000,204092400
2015-03-18,32.117500,261083600
2015-03-19,31.875000,183238000
2015-03-20,31.475000,274780400
2015-03-23,31.802500,150838800
2015-03-24,31.672501,131369200
2015-03-25,30.844999,206620800
2015-03-26,31.059999,190291600
2015-03-27,30.812500,158184800
2015-03-30,31.592501,188398800
2015-03-31,31.107500,168362400
2015-04-01,31.062500,162485600
2015-04-02,31.330000,128880400
2015-04-06,31.837500,148776000
2015-04-07,31.502501,140049200
2015-04-08,31.400000,149316800
2015-04-09,31.639999,129936000
2015-04-10,31.775000,160752000
2015-04-13,31.712500,145460400
2015-04-14,31.575001,102098400
2015-04-15,31.695000,115881600
2015-04-16,31.542500,113476000
2015-04-17,31.187500,207828000
2015-04-20,31.900000,188217200
2015-04-21,31.727501,129740400
2015-04-22,32.154999,150618000
2015-04-23,32.417500,183083600
2015-04-24,32.570000,178103600
2015-04-27,33.162498,387816800
2015-04-28,32.639999,475696000
2015-04-29,32.160000,253544400
2015-04-30,31.287500,332781600
2015-05-01,32.237499,234050400
2015-05-04,32.174999,203953200
2015-05-05,31.450001,197085600
2015-05-06,31.252501,288564000
2015-05-07,31.315001,175763600
2015-05-08,31.905001,222201600
2015-05-11,31.580000,168143200
2015-05-12,31.467501,192640000
2015-05-13,31.502501,138776800
2015-05-14,32.237499,180814000
2015-05-15,32.192501,152832000
2015-05-18,32.547501,203531600
2015-05-19,32.517502,178532800
2015-05-20,32.514999,145819600
2015-05-21,32.847500,158921600
2015-05-22,33.134998,182384000
2015-05-26,32.404999,282790400
2015-05-27,33.009998,183332800
2015-05-28,32.945000,122933200
2015-05-29,32.570000,203538000
2015-06-01,32.634998,128451200
2015-06-02,32.490002,134670400
2015-06-03,32.529999,123934000
2015-06-04,32.340000,153800400
2015-06-05,32.162498,142507200
2015-06-08,31.950001,210699200
2015-06-09,31.855000,224301600
2015-06-10,32.220001,156349200
2015-06-11,32.147499,141563600
2015-06-12,31.792500,147544800
2015-06-15,31.730000,175955600
2015-06-16,31.900000,125976400
2015-06-17,31.825001,131672400
2015-06-18,31.969999,141628800
2015-06-19,31.650000,218867600
2015-06-22,31.902500,136157200
2015-06-23,31.757500,121075600
2015-06-24,32.027500,221123600
2015-06-25,31.875000,127752400
2015-06-26,31.687500,176267200
2015-06-29,31.132500,196645600
2015-06-30,31.357500,177482800
2015-07-01,31.650000,120955200
2015-07-02,31.610001,108844000
2015-07-06,31.500000,112241600
2015-07-07,31.422501,187787200
2015-07-08,30.642500,243046400
2015-07-09,30.017500,314380000
2015-07-10,30.820000,245418000
2015-07-13,31.415001,165762000
2015-07-14,31.402500,127072400
2015-07-15,31.705000,134596800
2015-07-16,32.127499,144889600
2015-07-17,32.404999,184658800
2015-07-20,33.017502,235600800
2015-07-21,32.687500,307025600
2015-07-22,31.305000,461802400
2015-07-23,31.290001,203998000
2015-07-24,31.125000,168649200
2015-07-27,30.692499,177822000
2015-07-28,30.844999,134472400
2015-07-29,30.747499,148046800
2015-07-30,30.592501,134513200
2015-07-31,30.325001,171540000
2015-08-03,29.610001,279904000
2015-08-04,28.660000,496554400
2015-08-05,28.850000,397250400
2015-08-06,28.782499,211612000
2015-08-07,28.879999,154681600
2015-08-10,29.930000,219806400
2015-08-11,28.372499,388331200
2015-08-12,28.809999,404870000
2015-08-13,28.787500,194143200
2015-08-14,28.990000,171718000
2015-08-17,29.290001,163538800
2015-08-18,29.125000,138242800
2015-08-19,28.752501,193146000
2015-08-20,28.162500,274006400
2015-08-21,26.440001,513102000
2015-08-24,25.780001,648825200
2015-08-25,25.934999,414406400
2015-08-26,27.422501,387098400
2015-08-27,28.230000,338464400
2015-08-28,28.322500,212657600
2015-08-31,28.190001,224917200
2015-09-01,26.930000,307383600
2015-09-02,28.084999,247555200
2015-09-03,27.592501,212935600
2015-09-04,27.317499,199985200
2015-09-08,28.077499,219374400
2015-09-09,27.537500,340043200
2015-09-10,28.142500,251571200
2015-09-11,28.552500,199662000
2015-09-14,28.827499,233453600
2015-09-15,29.070000,173364800
2015-09-16,29.102501,148694000
2015-09-17,28.480000,256450400
2015-09-18,28.362499,297141200
2015-09-21,28.802500,200888000
2015-09-22,28.350000,201384800
2015-09-23,28.580000,143026800
2015-09-24,28.750000,200878000
2015-09-25,28.677500,224607600
2015-09-28,28.110001,208436000
2015-09-29,27.264999,293461600
2015-09-30,27.575001,265892000
2015-10-01,27.395000,255716400
2015-10-02,27.594999,232079200
2015-10-05,27.695000,208258800
2015-10-06,27.827499,192787200
2015-10-07,27.695000,187062400
2015-10-08,27.375000,247918400
2015-10-09,28.030001,211064400
2015-10-12,27.900000,121868800
2015-10-13,27.947500,132197200
2015-10-14,27.552500,177849600
2015-10-15,27.965000,150694000
2015-10-16,27.760000,156930400
2015-10-19,27.932501,119036800
2015-10-20,28.442499,195871200
2015-10-21,28.440001,167180800
2015-10-22,28.875000,166616400
2015-10-23,29.770000,237467600
2015-10-26,28.820000,265335200
2015-10-27,28.637501,279537600
2015-10-28,29.817499,342205600
2015-10-29,30.132500,204909200
2015-10-30,29.875000,197461200
2015-11-02,30.295000,128813200
2015-11-03,30.642500,182076000
2015-11-04,30.500000,179544400
2015-11-05,30.230000,158210800
2015-11-06,30.264999,132169200
2015-11-09,30.142500,135485600
2015-11-10,29.192499,236511600
2015-11-11,29.027500,180872000
2015-11-12,28.930000,130102400
2015-11-13,28.084999,183249600
2015-11-16,28.545000,152426800
2015-11-17,28.422501,110467600
2015-11-18,29.322500,186698800
2015-11-19,29.695000,173183200
2015-11-20,29.825001,137148400
2015-11-23,29.437500,129930000
2015-11-24,29.719999,171212800
2015-11-25,29.507500,85553200
2015-11-27,29.452499,52185600
2015-11-30,29.575001,156721200
2015-12-01,29.334999,139409600
2015-12-02,29.070000,133546400
2015-12-03,28.799999,166278000
2015-12-04,29.757500,231108000
2015-12-07,29.570000,128336800
2015-12-08,29.557501,137238000
2015-12-09,28.905001,185445600
2015-12-10,29.042500,116850800
2015-12-11,28.295000,187544800
2015-12-14,28.120001,257274800
2015-12-15,27.622499,213292400
2015-12-16,27.834999,224954000
2015-12-17,27.245001,179091200
2015-12-18,26.507500,385813200
2015-12-21,26.832500,190362400
2015-12-22,26.807501,131157600
2015-12-23,27.152500,130629600
2015-12-24,27.007500,54281600
2015-12-28,26.705000,106816800
2015-12-29,27.184999,123724800
2015-12-30,26.830000,100855200
2015-12-31,26.315001,163649200
2016-01-04,26.337500,270597600
2016-01-05,25.677500,223164000
2016-01-06,25.174999,273829600
2016-01-07,24.112499,324377600
2016-01-08,24.240000,283192000
2016-01-11,24.632500,198957600
2016-01-12,24.990000,196616800
2016-01-13,24.347500,249758400
2016-01-14,24.879999,252680400
2016-01-15,24.282499,319335600
2016-01-19,24.165001,212350800
2016-01-20,24.197500,289337600
2016-01-21,24.075001,208646000
2016-01-22,25.355000,263202000
2016-01-25,24.860001,207178000
2016-01-26,24.997499,300308000
2016-01-27,23.355000,533478800
2016-01-28,23.522499,222715200
2016-01-29,24.334999,257666000
2016-02-01,24.107500,163774000
2016-02-02,23.620001,149428800
2016-02-03,24.087500,183857200
2016-02-04,24.150000,185886800
2016-02-05,23.504999,185672400
2016-02-08,23.752501,216085600
2016-02-09,23.747499,177324800
2016-02-10,23.567499,169374400
2016-02-11,23.424999,200298800
2016-02-12,23.497499,161405600
2016-02-16,24.160000,196231600
2016-02-17,24.530001,179452800
2016-02-18,24.065001,156084000
2016-02-19,24.010000,141496800
2016-02-22,24.219999,137123200
2016-02-23,23.672501,127770400
2016-02-24,24.025000,145022800
2016-02-25,24.190001,110330800
2016-02-26,24.227501,115964400
2016-02-29,24.172501,140865200
2016-03-01,25.132500,201628400
2016-03-02,25.187500,132678400
2016-03-03,25.375000,147822800
2016-03-04,25.752501,184220400
2016-03-07,25.467501,143315600
2016-03-08,25.257500,126247600
2016-03-09,25.280001,108806800
2016-03-10,25.292500,134054400
2016-03-11,25.565001,109632800
2016-03-14,25.629999,100304400
2016-03-15,26.145000,160270800
2016-03-16,26.492500,153214000
2016-03-17,26.450001,137682800
2016-03-18,26.480000,176820800
2016-03-21,26.477501,142010800
2016-03-22,26.680000,129777600
2016-03-23,26.532499,102814000
2016-03-24,26.417500,104532000
2016-03-28,26.297501,77645600
2016-03-29,26.920000,124760400
2016-03-30,27.389999,182404400
2016-03-31,27.247499,103553600
2016-04-01,27.497499,103496000
2016-04-04,27.780001,149424800
2016-04-05,27.452499,106314800
2016-04-06,27.740000,105616400
2016-04-07,27.135000,127207600
2016-04-08,27.165001,94326800
2016-04-11,27.254999,117630000
2016-04-12,27.610001,108929200
2016-04-13,28.010000,133029200
2016-04-14,28.025000,101895600
2016-04-15,27.462500,187756000
2016-04-18,26.870001,243286000
2016-04-19,26.727501,129539600
2016-04-20,26.782499,122444000
2016-04-21,26.492500,126210000
2016-04-22,26.420000,134732400
2016-04-25,26.270000,112126400
2016-04-26,26.087500,224064800
2016-04-27,24.455000,458408400
2016-04-28,23.707500,328970800
2016-04-29,23.434999,274126000
2016-05-02,23.410000,192640400
2016-05-03,23.795000,227325200
2016-05-04,23.547501,164102000
2016-05-05,23.309999,143562000
2016-05-06,23.180000,174799600
2016-05-09,23.197500,131745600
2016-05-10,23.355000,134747200
2016-05-11,23.127501,114876400
2016-05-12,22.584999,305258800
2016-05-13,22.629999,177571200
2016-05-16,23.469999,245039200
2016-05-17,23.372499,187667600
2016-05-18,23.639999,168249600
2016-05-19,23.549999,121768400
2016-05-20,23.805000,128104000
2016-05-23,24.107500,152074400
2016-05-24,24.475000,140560800
2016-05-25,24.905001,152675200
2016-05-26,25.102501,225324800
2016-05-27,25.087500,145364800
2016-05-31,24.965000,169228800
2016-06-01,24.615000,116693200
2016-06-02,24.430000,160766400
2016-06-03,24.480000,114019600
2016-06-06,24.657499,93170000
2016-06-07,24.757500,89638000
2016-06-08,24.735001,83392400
2016-06-09,24.912500,106405600
2016-06-10,24.707500,126851600
2016-06-13,24.334999,152082000
2016-06-14,24.365000,127727600
2016-06-15,24.285000,117780800
2016-06-16,24.387501,125307200
2016-06-17,23.832500,244032800
2016-06-20,23.775000,137647600
2016-06-21,23.977501,142185600
2016-06-22,23.887501,116876400
2016-06-23,24.025000,128960800
2016-06-24,23.350000,301245600
2016-06-27,23.010000,181958400
2016-06-28,23.397499,161779600
2016-06-29,23.600000,146124000
2016-06-30,23.900000,143345600
2016-07-01,23.972500,104106000
2016-07-05,23.747499,110820800
2016-07-06,23.882500,123796400
2016-07-07,23.985001,100558400
2016-07-08,24.170000,115648400
2016-07-11,24.245001,95179600
2016-07-12,24.355000,96670000
2016-07-13,24.217501,103568800
2016-07-14,24.697500,155676000
2016-07-15,24.695000,120548000
2016-07-18,24.957500,145975600
2016-07-19,24.967501,95119600
2016-07-20,24.990000,105104000
2016-07-21,24.857500,130808000
2016-07-22,24.665001,113254800
2016-07-25,24.334999,161531600
2016-07-26,24.167500,224959200
2016-07-27,25.737499,369379200
2016-07-28,26.084999,159479200
2016-07-29,26.052500,110934800
2016-08-01,26.512501,152671600
2016-08-02,26.120001,135266400
2016-08-03,26.447500,120810400
2016-08-04,26.467501,109634800
2016-08-05,26.870001,162213600
2016-08-08,27.092501,112148800
2016-08-09,27.202499,105260800
2016-08-10,27.000000,96034000
2016-08-11,26.982500,109938000
2016-08-12,27.045000,74641600
2016-08-15,27.370001,103472800
2016-08-16,27.344999,135177600
2016-08-17,27.305000,101424000
2016-08-18,27.270000,87938800
2016-08-19,27.340000,101472400
2016-08-22,27.127501,103280800
2016-08-23,27.212500,85030800
2016-08-24,27.007500,94700400
2016-08-25,26.892500,100344800
2016-08-26,26.735001,111065200
2016-08-29,26.705000,99881200
2016-08-30,26.500000,99455600
2016-08-31,26.525000,118649600
2016-09-01,26.682501,106806000
2016-09-02,26.932501,107210000
2016-09-06,26.924999,107521600
2016-09-07,27.090000,169457200
2016-09-08,26.379999,212008000
2016-09-09,25.782499,186228000
2016-09-12,26.360001,181171200
2016-09-13,26.987499,248704800
2016-09-14,27.942499,443554800
2016-09-15,28.892500,359934400
2016-09-16,28.730000,319547600
2016-09-19,28.395000,188092000
2016-09-20,28.392500,138057200
2016-09-21,28.387501,144012800
2016-09-22,28.655001,124296000
2016-09-23,28.177500,209924800
2016-09-26,28.219999,119477600
2016-09-27,28.272499,98429600
2016-09-28,28.487499,118564400
2016-09-29,28.045000,143548000
2016-09-30,28.262501,145516400
2016-10-03,28.129999,86807200
2016-10-04,28.250000,118947200
2016-10-05,28.262501,85812400
2016-10-06,28.472500,115117200
2016-10-07,28.514999,97433600
2016-10-10,29.012501,144944000
2016-10-11,29.075001,256164000
2016-10-12,29.334999,150347200
2016-10-13,29.245001,140769600
2016-10-14,29.407499,142608800
2016-10-17,29.387501,94499600
2016-10-18,29.367500,98214000
2016-10-19,29.280001,80138400
2016-10-20,29.264999,96503200
2016-10-21,29.150000,92770800
2016-10-24,29.412500,94154800
2016-10-25,29.562500,192516000
2016-10-26,28.897499,264536800
2016-10-27,28.620001,138248000
2016-10-28,28.430000,151446800
2016-10-31,28.385000,105677600
2016-11-01,27.872499,175303200
2016-11-02,27.897499,113326800
2016-11-03,27.457500,107730400
2016-11-04,27.209999,123348000
2016-11-07,27.602501,130240000
2016-11-08,27.764999,97016800
2016-11-09,27.719999,236705600
2016-11-10,26.947500,228538000
2016-11-11,27.107500,136575600
2016-11-14,26.427500,204702000
2016-11-15,26.777500,129058000
2016-11-16,27.497499,235362000
2016-11-17,27.487499,110528000
2016-11-18,27.514999,113715600
2016-11-21,27.932501,117058400
2016-11-22,27.950001,103862000
2016-11-23,27.807501,109705600
2016-11-25,27.947500,45903600
2016-11-28,27.892500,108776000
2016-11-29,27.865000,114115200
2016-11-30,27.629999,144649200
2016-12-01,27.372499,148347600
2016-12-02,27.475000,106112000
2016-12-05,27.277500,137298000
2016-12-06,27.487499,104782000
2016-12-07,27.757500,119994800
2016-12-08,28.030001,108273200
2016-12-09,28.487499,137610400
2016-12-12,28.325001,105497600
2016-12-13,28.797501,174935200
2016-12-14,28.797501,136127200
2016-12-15,28.955000,186098000
2016-12-16,28.992500,177404400
2016-12-19,29.160000,111117600
2016-12-20,29.237499,85700000
2016-12-21,29.264999,95132800
2016-12-22,29.072500,104343600
2016-12-23,29.129999,56998000
2016-12-27,29.315001,73187600
2016-12-28,29.190001,83623600
2016-12-29,29.182501,60158000
2016-12-30,28.955000,122345200
2017-01-03,29.037500,115127600
2017-01-04,29.004999,84472400
2017-01-05,29.152500,88774400
2017-01-06,29.477501,127007600
2017-01-09,29.747499,134247600
2017-01-10,29.777500,97848400
2017-01-11,29.937500,110354400
2017-01-12,29.812500,108344800
2017-01-13,29.760000,104447600
2017-01-17,30.000000,137759200
2017-01-18,29.997499,94852000
2017-01-19,29.945000,102389200
2017-01-20,30.000000,130391600
2017-01-23,30.020000,88200800
2017-01-24,29.992500,92844000
2017-01-25,30.469999,129510400
2017-01-26,30.485001,105350400
2017-01-27,30.487499,82251600
2017-01-30,30.407499,121510000
2017-01-31,30.337500,196804000
2017-02-01,32.187500,447940000
2017-02-02,32.132500,134841600
2017-02-03,32.270000,98029200
2017-02-06,32.572498,107383600
2017-02-07,32.882500,152735200
2017-02-08,33.009998,92016400
2017-02-09,33.105000,113399600
2017-02-10,33.029999,80262000
2017-02-13,33.322498,92141600
2017-02-14,33.755001,132904800
2017-02-15,33.877499,142492400
2017-02-16,33.837502,90338400
2017-02-17,33.930000,88792800
2017-02-21,34.174999,98028800
2017-02-22,34.277500,83347600
2017-02-23,34.132500,83152800
2017-02-24,34.165001,87106400
2017-02-27,34.232498,81029600
2017-02-28,34.247501,93931600
2017-03-01,34.947498,145658400
2017-03-02,34.740002,104844000
2017-03-03,34.945000,84432400
2017-03-06,34.834999,87000000
2017-03-07,34.880001,69785200
2017-03-08,34.750000,74828800
2017-03-09,34.669998,88623600
2017-03-10,34.785000,78451200
2017-03-13,34.799999,69686800
2017-03-14,34.747501,61236400
2017-03-15,35.115002,102767200
2017-03-16,35.172501,76928000
2017-03-17,34.997501,175540000
2017-03-20,35.365002,86168000
2017-03-21,34.959999,158119600
2017-03-22,35.355000,103440800
2017-03-23,35.230000,81385200
2017-03-24,35.160000,89582400
2017-03-27,35.220001,94300400
2017-03-28,35.950001,133499200
2017-03-29,36.029999,116760000
2017-03-30,35.982498,84829200
2017-03-31,35.915001,78646800
2017-04-03,35.924999,79942800
2017-04-04,36.192501,79565600
2017-04-05,36.005001,110871600
2017-04-06,35.915001,84596000
2017-04-07,35.834999,66688800
2017-04-10,35.792500,75733600
2017-04-11,35.407501,121517600
2017-04-12,35.450001,81400000
2017-04-13,35.262501,71291600
2017-04-17,35.457500,66328400
2017-04-18,35.299999,58790000
2017-04-19,35.169998,69313600
2017-04-20,35.610001,93278400
2017-04-21,35.567501,69283600
2017-04-24,35.910000,68537200
2017-04-25,36.132500,75486000
2017-04-26,35.919998,80164800
2017-04-27,35.947498,56985200
2017-04-28,35.912498,83441600
2017-05-01,36.645000,134411600
2017-05-02,36.877499,181408800
2017-05-03,36.764999,182788000
2017-05-04,36.632500,93487600
2017-05-05,37.240002,109310800
2017-05-08,38.252499,195009600
2017-05-09,38.497501,156521600
2017-05-10,38.314999,103222800
2017-05-11,38.487499,109020400
2017-05-12,39.025002,130108000
2017-05-15,38.924999,104038800
2017-05-16,38.867500,80194000
2017-05-17,37.562500,203070800
2017-05-18,38.134998,134272800
2017-05-19,38.264999,107843200
2017-05-22,38.497501,91865600
2017-05-23,38.450001,79675600
2017-05-24,38.334999,76712000
2017-05-25,38.467499,76942400
2017-05-26,38.402500,87710400
2017-05-30,38.417500,80507600
2017-05-31,38.189999,97804800
2017-06-01,38.294998,65616400
2017-06-02,38.862499,111082800
2017-06-05,38.482498,101326800
2017-06-06,38.612499,106499600
2017-06-07,38.842499,84278400
2017-06-08,38.747501,85003200
2017-06-09,37.244999,259530800
2017-06-12,36.355000,289229200
2017-06-13,36.647499,136661600
2017-06-14,36.290001,126124800
2017-06-15,36.072498,128661600
2017-06-16,35.567501,201444400
2017-06-19,36.584999,130165600
2017-06-20,36.252499,99600400
2017-06-21,36.467499,85063200
2017-06-22,36.407501,76425200
2017-06-23,36.570000,141757600
2017-06-26,36.455002,102769600
2017-06-27,35.932499,99047600
2017-06-28,36.457500,88329600
2017-06-29,35.919998,125997600
2017-06-30,36.005001,92096400
2017-07-03,35.875000,57111200
2017-07-05,36.022499,86278400
2017-07-06,35.682499,96515200
2017-07-07,36.044998,76806800
2017-07-10,36.264999,84362400
2017-07-11,36.382500,79127200
2017-07-12,36.435001,99538000
2017-07-13,36.942501,100797600
2017-07-14,37.259998,80528400
2017-07-17,37.389999,95174000
2017-07-18,37.520000,71475200
2017-07-19,37.755001,83692000
2017-07-20,37.584999,68974800
2017-07-21,37.567501,105010400
2017-07-24,38.022499,85972800
2017-07-25,38.185001,75415600
2017-07-26,38.365002,63124000
2017-07-27,37.639999,129905200
2017-07-28,37.375000,68854800
2017-07-31,37.182499,79383600
2017-08-01,37.512501,141474400
2017-08-02,39.285000,279747200
2017-08-03,38.892502,108389200
2017-08-04,39.097500,82239600
2017-08-07,39.702499,87481200
2017-08-08,40.020000,144823600
2017-08-09,40.264999,104526000
2017-08-10,38.830002,163217200
2017-08-11,39.369999,105028400
2017-08-14,39.962502,88490800
2017-08-15,40.400002,117862000
2017-08-16,40.237499,110686400
2017-08-17,39.465000,111762400
2017-08-18,39.375000,109712400
2017-08-21,39.302502,105474000
2017-08-22,39.945000,86418400
2017-08-23,39.994999,77596400
2017-08-24,39.817501,79275600
2017-08-25,39.965000,101920400
2017-08-28,40.367500,103864000
2017-08-29,40.727501,118067600
2017-08-30,40.837502,109078400
2017-08-31,41.000000,107140400
2017-09-01,41.012501,66364400
2017-09-05,40.520000,117874000
2017-09-06,40.477501,86606800
2017-09-07,40.314999,87714000
2017-09-08,39.657501,114446000
2017-09-11,40.375000,126323200
2017-09-12,40.215000,286856000
2017-09-13,39.912498,179629600
2017-09-14,39.570000,95042800
2017-09-15,39.970001,196458400
2017-09-18,39.667500,113077600
2017-09-19,39.682499,83242400
2017-09-20,39.017502,211805600
2017-09-21,38.347500,150046800
2017-09-22,37.972500,186581600
2017-09-25,37.637501,177549200
2017-09-26,38.285000,146640000
2017-09-27,38.557499,102016800
2017-09-28,38.320000,88022000
2017-09-29,38.529999,105199200
2017-10-02,38.452499,74795200
2017-10-03,38.619999,64921200
2017-10-04,38.369999,80655200
2017-10-05,38.847500,85135200
2017-10-06,38.825001,69630400
2017-10-09,38.959999,65051600
2017-10-10,38.974998,62468000
2017-10-11,39.137501,67622400
2017-10-12,39.000000,64500400
2017-10-13,39.247501,65576800
2017-10-16,39.970001,96486000
2017-10-17,40.117500,75989200
2017-10-18,39.939999,65496800
2017-10-19,38.994999,170336800
2017-10-20,39.062500,95896400
2017-10-23,39.042500,87937200
2017-10-24,39.275002,71028800
2017-10-25,39.102501,84828400
2017-10-26,39.352501,68002000
2017-10-27,40.762501,177816800
2017-10-30,41.680000,178803200
2017-10-31,42.259998,144187200
2017-11-01,41.722500,134551200
2017-11-02,42.027500,165573600
2017-11-03,43.125000,237594400
2017-11-06,43.562500,140105200
2017-11-07,43.702499,97446000
2017-11-08,44.060001,97638000
2017-11-09,43.970001,117930400
2017-11-10,43.667500,100582000
2017-11-13,43.492500,67928400
2017-11-14,42.834999,99130000
2017-11-15,42.270000,116632400
2017-11-16,42.775002,94550000
2017-11-17,42.537498,87598000
2017-11-20,42.494999,65049600
2017-11-21,43.285000,100525200
2017-11-22,43.740002,102355600
2017-11-24,43.742500,56106800
2017-11-27,43.522499,82867200
2017-11-28,43.267502,105715200
2017-11-29,42.369999,166665600
2017-11-30,42.962502,166108800
2017-12-01,42.762501,159037200
2017-12-04,42.450001,130169600
2017-12-05,42.410000,109400800
2017-12-06,42.252499,114240000
2017-12-07,42.330002,102693200
2017-12-08,42.342499,93420800
2017-12-11,43.167500,141095200
2017-12-12,42.924999,77636800
2017-12-13,43.067501,95273600
2017-12-14,43.055000,81906000
2017-12-15,43.492500,160677200
2017-12-18,44.105000,117684400
2017-12-19,43.634998,109745600
2017-12-20,43.587502,93902400
2017-12-21,43.752499,83799600
2017-12-22,43.752499,65397600
2017-12-26,42.642502,132742000
2017-12-27,42.650002,85992800
2017-12-28,42.770000,65920800
2017-12-29,42.307499,103999600
2018-01-02,43.064999,102223600
2018-01-03,43.057499,118071600
2018-01-04,43.257500,89738400
2018-01-05,43.750000,94640000
2018-01-08,43.587502,82271200
2018-01-09,43.582500,86336000
2018-01-10,43.572498,95839600
2018-01-11,43.820000,74670800
2018-01-12,44.272499,101672400
2018-01-16,44.047501,118263600
2018-01-17,44.775002,137547200
2018-01-18,44.814999,124773600
2018-01-19,44.615002,129700400
2018-01-22,44.250000,108434400
2018-01-23,44.259998,130756400
2018-01-24,43.555000,204420400
2018-01-25,42.777500,166116000
2018-01-26,42.877499,156572000
2018-01-29,41.990002,202561600
2018-01-30,41.742500,184192800
2018-01-31,41.857498,129915600
2018-02-01,41.945000,188923200
2018-02-02,40.125000,346375200
2018-02-05,39.122501,290954000
2018-02-06,40.757500,272975200
2018-02-07,39.884998,206434400
2018-02-08,38.787498,217562000
2018-02-09,39.102501,282690400
2018-02-12,40.677502,243278000
2018-02-13,41.084999,130196800
2018-02-14,41.842499,162579600
2018-02-15,43.247501,204588800
2018-02-16,43.107498,160704400
2018-02-20,42.962502,135722000
2018-02-21,42.767502,149886400
2018-02-22,43.125000,123967600
2018-02-23,43.875000,135249600
2018-02-26,44.742500,152648800
2018-02-27,44.597500,155712400
2018-02-28,44.529999,151128400
2018-03-01,43.750000,195208000
2018-03-02,44.052502,153816000
2018-03-05,44.205002,113605600
2018-03-06,44.167500,95154000
2018-03-07,43.757500,126814000
2018-03-08,44.235001,95096400
2018-03-09,44.994999,128740800
2018-03-12,45.430000,128828400
2018-03-13,44.992500,126774000
2018-03-14,44.610001,117473600
2018-03-15,44.662498,90975200
2018-03-16,44.505001,157618800
2018-03-19,43.825001,133787200
2018-03-20,43.810001,78597600
2018-03-21,42.817501,148219600
2018-03-22,42.212502,165963200
2018-03-23,41.235001,164115200
2018-03-26,43.192501,150164800
2018-03-27,42.084999,163690400
2018-03-28,41.619999,166674000
2018-03-29,41.945000,153594000
2018-04-02,41.669998,150347200
2018-04-03,42.097500,121112000
2018-04-04,42.902500,138422000
2018-04-05,43.200001,107732800
2018-04-06,42.095001,140021200
2018-04-09,42.512501,116070800
2018-04-10,43.312500,113634400
2018-04-11,43.110001,89726400
2018-04-12,43.535000,91557200
2018-04-13,43.682499,100497200
2018-04-16,43.955002,86313600
2018-04-17,44.560001,106421600
2018-04-18,44.459999,83018000
2018-04-19,43.200001,139235200
2018-04-20,41.430000,261964400
2018-04-23,41.310001,146062000
2018-04-24,40.735001,134768000
2018-04-25,40.912498,113528400
2018-04-26,41.055000,111852000
2018-04-27,40.580002,142623200
2018-04-30,41.314999,169709600
2018-05-01,42.275002,214277600
2018-05-02,44.142502,266157600
2018-05-03,44.222500,136272800
2018-05-04,45.957500,224805200
2018-05-07,46.290001,169805600
2018-05-08,46.512501,113611200
2018-05-09,46.840000,92844800
2018-05-10,47.509998,111957200
2018-05-11,47.147499,104848800
2018-05-14,47.037498,83115200
2018-05-15,46.610001,94780800
2018-05-16,47.044998,76732400
2018-05-17,46.747501,69176000
2018-05-18,46.577499,73190800
2018-05-21,46.907501,73603200
2018-05-22,46.790001,60962800
2018-05-23,47.090000,80233600
2018-05-24,47.037498,92936000
2018-05-25,47.145000,69844000
2018-05-29,46.974998,90056400
2018-05-30,46.875000,74762000
2018-05-31,46.717499,109931200
2018-06-01,47.560001,93770000
2018-06-04,47.957500,105064800
2018-06-05,48.327499,86264000
2018-06-06,48.494999,83734400
2018-06-07,48.365002,85388800
2018-06-08,47.924999,106627200
2018-06-11,47.807499,73234000
2018-06-12,48.070000,67644400
2018-06-13,47.674999,86553600
2018-06-14,47.700001,86440400
2018-06-15,47.209999,246876800
2018-06-18,47.185001,73939600
2018-06-19,46.422501,134314000
2018-06-20,46.625000,82514800
2018-06-21,46.365002,102847600
2018-06-22,46.230000,108801600
2018-06-25,45.542500,126652400
2018-06-26,46.107498,98276800
2018-06-27,46.040001,101141200
2018-06-28,46.375000,69460800
2018-06-29,46.277500,90950800
2018-07-02,46.794998,70925200
2018-07-03,45.980000,55819200
2018-07-05,46.349998,66416800
2018-07-06,46.992500,69940800
2018-07-09,47.645000,79026400
2018-07-10,47.587502,63756400
2018-07-11,46.970001,75326000
2018-07-12,47.757500,72164400
2018-07-13,47.832500,50055600
2018-07-16,47.727501,60172400
2018-07-17,47.862499,62138000
2018-07-18,47.599998,65573600
2018-07-19,47.970001,81147200
2018-07-20,47.860001,82704800
2018-07-23,47.902500,63957600
2018-07-24,48.250000,74791600
2018-07-25,48.705002,66839600
2018-07-26,48.552502,76304000
2018-07-27,47.744999,96096000
2018-07-30,47.477501,84118000
2018-07-31,47.572498,157492000
2018-08-01,50.375000,271742800
2018-08-02,51.847500,249616000
2018-08-03,51.997501,133789600
2018-08-06,52.267502,101701600
2018-08-07,51.777500,102349600
2018-08-08,51.812500,90102000
2018-08-09,52.220001,93970400
2018-08-10,51.882500,98444800
2018-08-13,52.217499,103563600
2018-08-14,52.437500,82992000
2018-08-15,52.560001,115230400
2018-08-16,53.330002,114001600
2018-08-17,54.395000,141708000
2018-08-20,53.865002,121150800
2018-08-21,53.759998,104639200
2018-08-22,53.762501,76072400
2018-08-23,53.872501,75532800
2018-08-24,54.040001,73905600
2018-08-27,54.485001,82100400
2018-08-28,54.924999,91107200
2018-08-29,55.744999,109019200
2018-08-30,56.257500,195175200
2018-08-31,56.907501,173360400
2018-09-04,57.090000,109560400
2018-09-05,56.717499,133332000
2018-09-06,55.775002,137160000
2018-09-07,55.325001,150479200
2018-09-10,54.582500,158066000
2018-09-11,55.962502,142996000
2018-09-12,55.267502,197114800
2018-09-13,56.602501,166825600
2018-09-14,55.959999,127997200
2018-09-17,54.470001,148780400
2018-09-18,54.560001,126286800
2018-09-19,54.592499,108495200
2018-09-20,55.007500,106435200
2018-09-21,54.415001,384986800
2018-09-24,55.197498,110773600
2018-09-25,55.547501,98217600
2018-09-26,55.105000,95938800
2018-09-27,56.237499,120724800
2018-09-28,56.435001,91717600
2018-10-01,56.814999,94403200
2018-10-02,57.320000,99152800
2018-10-03,58.017502,114619200
2018-10-04,56.997501,128168000
2018-10-05,56.072498,134322000
2018-10-08,55.942501,118655600
2018-10-09,56.717499,107564000
2018-10-10,54.090000,167962400
2018-10-11,53.612499,212497600
2018-10-12,55.527500,161351600
2018-10-15,54.340000,123164000
2018-10-16,55.537498,116736000
2018-10-17,55.297501,91541600
2018-10-18,54.005001,130325200
2018-10-19,54.827499,132314800
2018-10-22,55.162498,115168400
2018-10-23,55.682499,155071200
2018-10-24,53.772499,163702000
2018-10-25,54.950001,119423200
2018-10-26,54.075001,189033600
2018-10-29,53.060001,183742000
2018-10-30,53.325001,146640000
2018-10-31,54.715000,153435600
2018-11-01,55.555000,233292800
2018-11-02,51.869999,365314800
2018-11-05,50.397499,264654800
2018-11-06,50.942501,127531600
2018-11-07,52.487499,133697600
2018-11-08,52.122501,101450400
2018-11-09,51.117500,137463200
2018-11-12,48.542500,204542000
2018-11-13,48.057499,187531600
2018-11-14,46.700001,243204000
2018-11-15,47.852501,185915200
2018-11-16,48.382500,147713200
2018-11-19,46.465000,167701200
2018-11-20,44.244999,271300800
2018-11-21,44.195000,124496800
2018-11-23,43.072498,94496000
2018-11-26,43.654999,179994000
2018-11-27,43.560001,165549600
2018-11-28,45.235001,184250000
2018-11-29,44.887501,167080000
2018-11-30,44.645000,158126000
2018-12-03,46.205002,163210000
2018-12-04,44.172501,165377200
2018-12-06,43.680000,172393600
2018-12-07,42.122501,169126400
2018-12-10,42.400002,248104000
2018-12-11,42.157501,189126800
2018-12-12,42.275002,142510800
2018-12-13,42.737499,127594400
2018-12-14,41.369999,162814800
2018-12-17,40.985001,177151600
2018-12-18,41.517502,135366000
2018-12-19,40.222500,196189200
2018-12-20,39.207500,259092000
2018-12-21,37.682499,382978400
2018-12-24,36.707500,148676800
2018-12-26,39.292500,234330000
2018-12-27,39.037498,212468400
2018-12-28,39.057499,169165600
2018-12-31,39.435001,140014000
2019-01-02,39.480000,148158800
2019-01-03,35.547501,365248800
2019-01-04,37.064999,234428400
2019-01-07,36.982498,219111200
2019-01-08,37.687500,164101200
2019-01-09,38.327499,180396400
2019-01-10,38.450001,143122800
2019-01-11,38.072498,108092800
2019-01-14,37.500000,129756800
2019-01-15,38.267502,114843600
2019-01-16,38.735001,122278800
2019-01-17,38.965000,119284800
2019-01-18,39.205002,135004000
2019-01-22,38.325001,121576000
2019-01-23,38.480000,92522400
2019-01-24,38.174999,101766000
2019-01-25,39.439999,134142000
2019-01-28,39.075001,104768400
2019-01-29,38.669998,166348800
2019-01-30,41.312500,244439200
2019-01-31,41.610001,162958400
2019-02-01,41.630001,130672400
2019-02-04,42.812500,125982000
2019-02-05,43.544998,144406400
2019-02-06,43.560001,112958400
2019-02-07,42.735001,126966800
2019-02-08,42.602501,95280000
2019-02-11,42.357498,83973600
2019-02-12,42.722500,89134000
2019-02-13,42.544998,89960800
2019-02-14,42.700001,87342800
2019-02-15,42.605000,98507200
2019-02-19,42.732498,75891200
2019-02-20,43.007500,104457600
2019-02-21,42.764999,68998800
2019-02-22,43.242500,75652800
2019-02-25,43.557499,87493600
2019-02-26,43.582500,68280800
2019-02-27,43.717499,111341600
2019-02-28,43.287498,112861600
2019-03-01,43.742500,103544800
2019-03-04,43.962502,109744800
2019-03-05,43.882500,78949600
2019-03-06,43.630001,83241600
2019-03-07,43.125000,99185600
2019-03-08,43.227501,95997600
2019-03-11,44.724998,128044000
2019-03-12,45.227501,129870400
2019-03-13,45.427502,124130000
2019-03-14,45.932499,94318000
2019-03-15,46.529999,156171600
2019-03-18,47.005001,104879200
2019-03-19,46.632500,126585600
2019-03-20,47.040001,124140800
2019-03-21,48.772499,204136800
2019-03-22,47.762501,169630800
2019-03-25,47.185001,175381200
2019-03-26,46.697498,199202000
2019-03-27,47.117500,119393600
2019-03-28,47.180000,83121600
2019-03-29,47.487499,94256000
2019-04-01,47.810001,111448000
2019-04-02,48.505001,91062800
2019-04-03,48.837502,93087200
2019-04-04,48.922501,76457200
2019-04-05,49.250000,74106400
2019-04-08,50.025002,103526800
2019-04-09,49.875000,143072800
2019-04-10,50.154999,86781200
2019-04-11,49.737499,83603200
2019-04-12,49.717499,111042800
2019-04-15,49.807499,70146400
2019-04-16,49.812500,102785600
2019-04-17,50.782501,115627200
2019-04-18,50.965000,96783200
2019-04-22,51.132500,77758000
2019-04-23,51.869999,93292000
2019-04-24,51.790001,70162400
2019-04-25,51.320000,74172800
2019-04-26,51.075001,74596400
2019-04-29,51.152500,88818800
2019-04-30,50.167500,186139600
2019-05-01,52.630001,259309200
2019-05-02,52.287498,127985200
2019-05-03,52.937500,83569600
2019-05-06,52.119999,129772400
2019-05-07,50.715000,155054800
2019-05-08,50.724998,105358000
2019-05-09,50.180000,139634400
2019-05-10,49.294998,164834800
2019-05-13,46.430000,229722400
2019-05-14,47.165001,146118800
2019-05-15,47.730000,106178800
2019-05-16,47.520000,132125600
2019-05-17,47.250000,131516400
2019-05-20,45.772499,154449200
2019-05-21,46.650002,113459200
2019-05-22,45.695000,118994400
2019-05-23,44.915001,146118800
2019-05-24,44.742500,94858800
2019-05-28,44.557499,111792800
2019-05-29,44.345001,113924800
2019-05-30,44.575001,84873600
2019-05-31,43.767502,108174400
2019-06-03,43.325001,161584400
2019-06-04,44.910000,123872000
2019-06-05,45.634998,119093600
2019-06-06,46.305000,90105200
2019-06-07,47.537498,122737600
2019-06-10,48.145000,104883600
2019-06-11,48.702499,107731600
2019-06-12,48.547501,73012800
2019-06-13,48.537498,86698400
2019-06-14,48.185001,75046000
2019-06-17,48.472500,58676400
2019-06-18,49.612499,106204000
2019-06-19,49.467499,84496800
2019-06-20,49.865002,86056000
2019-06-21,49.695000,191202400
2019-06-24,49.645000,72881600
2019-06-25,48.892502,84281200
2019-06-26,49.950001,104270000
2019-06-27,49.935001,83598800
2019-06-28,49.480000,124442400
2019-07-01,50.387501,109012000
2019-07-02,50.682499,67740800
2019-07-03,51.102501,45448000
2019-07-05,51.057499,69062000
2019-07-08,50.005001,101354400
2019-07-09,50.310001,82312000
2019-07-10,50.807499,71588400
2019-07-11,50.437500,80767200
2019-07-12,50.825001,70380800
2019-07-15,51.302502,67789600
2019-07-16,51.125000,67467200
2019-07-17,50.837502,56430000
2019-07-18,51.415001,74162400
2019-07-19,50.647499,83717200
2019-07-22,51.805000,89111600
2019-07-23,52.209999,73420800
2019-07-24,52.167500,59966400
2019-07-25,51.755001,55638400
2019-07-26,51.935001,70475600
2019-07-29,52.419998,86693600
2019-07-30,52.195000,135742800
2019-07-31,53.259998,277125600
2019-08-01,52.107498,216071600
2019-08-02,51.005001,163448400
2019-08-05,48.334999,209572000
2019-08-06,49.250000,143299200
2019-08-07,49.759998,133457600
2019-08-08,50.857498,108038000
2019-08-09,50.247501,98478800
2019-08-12,50.119999,89927600
2019-08-13,52.242500,188874000
2019-08-14,50.687500,146189600
2019-08-15,50.435001,108909600
2019-08-16,51.625000,110481600
2019-08-19,52.587502,97654400
2019-08-20,52.590000,107537200
2019-08-21,53.160000,86141600
2019-08-22,53.115002,89014800
2019-08-23,50.660000,187272000
2019-08-26,51.622501,104174400
2019-08-27,51.040001,103493200
2019-08-28,51.382500,63755200
2019-08-29,52.252499,83962000
2019-08-30,52.185001,84573600
2019-09-03,51.424999,80092000
2019-09-04,52.297501,76752400
2019-09-05,53.320000,95654800
2019-09-06,53.314999,77449200
2019-09-09,53.542500,109237600
2019-09-10,54.174999,127111600
2019-09-11,55.897499,177158400
2019-09-12,55.772499,128906800
2019-09-13,54.687500,159053200
2019-09-16,54.974998,84632400
2019-09-17,55.174999,73274800
2019-09-18,55.692501,101360000
2019-09-19,55.240002,88242400
2019-09-20,54.432499,221652400
2019-09-23,54.680000,76662000
2019-09-24,54.419998,124763200
2019-09-25,55.257500,87613600
2019-09-26,54.972500,75334000
2019-09-27,54.705002,101408000
2019-09-30,55.992500,103909600
2019-10-01,56.147499,139223200
2019-10-02,54.740002,138449200
2019-10-03,55.205002,114426000
2019-10-04,56.752499,138478800
2019-10-07,56.764999,122306000
2019-10-08,56.099998,111820000
2019-10-09,56.757500,74770400
2019-10-10,57.522499,113013600
2019-10-11,59.052502,166795600
2019-10-14,58.967499,96427600
2019-10-15,58.830002,87360000
2019-10-16,58.592499,73903200
2019-10-17,58.820000,67585200
2019-10-18,59.102501,97433600
2019-10-21,60.127499,87247200
2019-10-22,59.990002,82293600
2019-10-23,60.794998,75828800
2019-10-24,60.895000,69275200
2019-10-25,61.645000,73477200
2019-10-28,62.262501,96572800
2019-10-29,60.822498,142839600
2019-10-30,60.814999,124522000
2019-10-31,62.189999,139162000
2019-11-01,63.955002,151125200
2019-11-04,64.375000,103272000
2019-11-05,64.282501,79897600
2019-11-06,64.309998,75864400
2019-11-07,64.857498,94940400
2019-11-08,65.035004,69986400
2019-11-11,65.550003,81821200
2019-11-12,65.489998,87388800
2019-11-13,66.117500,102734400
2019-11-14,65.660004,89182800
2019-11-15,66.440002,100206400
2019-11-18,66.775002,86703200
2019-11-19,66.572502,76167200
2019-11-20,65.797501,106234400
2019-11-21,65.502502,121395200
2019-11-22,65.445000,65325200
2019-11-25,66.592499,84020400
2019-11-26,66.072502,105207600
2019-11-27,66.959999,65235600
2019-11-29,66.812500,46617600
2019-12-02,66.040001,94487200
2019-12-03,64.862503,114430400
2019-12-04,65.434998,67181600
2019-12-05,66.394997,74424400
2019-12-06,67.677498,106075600
2019-12-09,66.730003,128042400
2019-12-10,67.120003,90420400
2019-12-11,67.692497,78756800
2019-12-12,67.864998,137310400
2019-12-13,68.787498,133587600
2019-12-16,69.964996,128186000
2019-12-17,70.102501,114158400
2019-12-18,69.934998,116028400
2019-12-19,70.004997,98369200
2019-12-20,69.860001,275978000
2019-12-23,71.000000,98572000
2019-12-24,71.067497,48478800
2019-12-26,72.477501,93121200
2019-12-27,72.449997,146266000
2019-12-30,72.879997,144114400
2019-12-31,73.412498,100805600
2020-01-02,75.087502,135480400
2020-01-03,74.357498,146322800
2020-01-06,74.949997,118387200
2020-01-07,74.597504,108872000
2020-01-08,75.797501,132079200
2020-01-09,77.407501,170108400
2020-01-10,77.582497,140644800
2020-01-13,79.239998,121532000
2020-01-14,78.169998,161954400
2020-01-15,77.834999,121923600
2020-01-16,78.809998,108829200
2020-01-17,79.682503,137816400
2020-01-21,79.142502,110843200
2020-01-22,79.425003,101832400
2020-01-23,79.807503,104472000
2020-01-24,79.577499,146537600
2020-01-27,77.237503,161940000
2020-01-28,79.422501,162234000
2020-01-29,81.084999,216229200
2020-01-30,80.967499,126743200
2020-01-31,77.377502,199588400
2020-02-03,77.165001,173788400
2020-02-04,79.712502,136616400
2020-02-05,80.362503,118826800
2020-02-06,81.302498,105425600
2020-02-07,80.007500,117684000
2020-02-10,80.387497,109348800
2020-02-11,79.902496,94323200
2020-02-12,81.800003,113730400
2020-02-13,81.217499,94747600
2020-02-14,81.237503,80113600
2020-02-18,79.750000,152531200
2020-02-19,80.904999,93984000
2020-02-20,80.074997,100566000
2020-02-21,78.262497,129554000
2020-02-24,74.544998,222195200
2020-02-25,72.019997,230673600
2020-02-26,73.162498,198054800
2020-02-27,68.379997,320605600
2020-02-28,68.339996,426510000
2020-03-02,74.702499,341397200
2020-03-03,72.330002,319475600
2020-03-04,75.684998,219178400
2020-03-05,73.230003,187572800
2020-03-06,72.257500,226176800
2020-03-09,66.542503,286744800
2020-03-10,71.334999,285290000
2020-03-11,68.857498,255598800
2020-03-12,62.057499,418474000
2020-03-13,69.492500,370732000
2020-03-16,60.552502,322423600
2020-03-17,63.215000,324056000
2020-03-18,61.667500,300233600
2020-03-19,61.195000,271857200
2020-03-20,57.310001,401693200
2020-03-23,56.092499,336752800
2020-03-24,61.720001,287531200
2020-03-25,61.380001,303602000
2020-03-26,64.610001,252087200
2020-03-27,61.935001,204216800
2020-03-30,63.702499,167976400
2020-03-31,63.572498,197002000
2020-04-01,60.227501,176218400
2020-04-02,61.232498,165934000
2020-04-03,60.352501,129880000
2020-04-06,65.617500,201820400
2020-04-07,64.857498,202887200
2020-04-08,66.517502,168895200
2020-04-09,66.997498,161834800
2020-04-13,68.312500,131022800
2020-04-14,71.762497,194994800
2020-04-15,71.107498,131154400
2020-04-16,71.672501,157125200
2020-04-17,70.699997,215250000
2020-04-20,69.232498,130015200
2020-04-21,67.092499,180991600
2020-04-22,69.025002,116862400
2020-04-23,68.757500,124814400
2020-04-24,70.742500,126161200
2020-04-27,70.792503,117087600
2020-04-28,69.644997,112004800
2020-04-29,71.932503,137280800
2020-04-30,73.449997,183064000
2020-05-01,72.267502,240616800
2020-05-04,73.290001,133568000
2020-05-05,74.389999,147751200
2020-05-06,75.157501,142333600
2020-05-07,75.934998,115215200
2020-05-08,77.532501,133838400
2020-05-11,78.752502,145946400
2020-05-12,77.852501,162301200
2020-05-13,76.912498,200622400
2020-05-14,77.385002,158929200
2020-05-15,76.927498,166348400
2020-05-18,78.739998,135178400
2020-05-19,78.285004,101729600
2020-05-20,79.807503,111504800
2020-05-21,79.212502,102688800
2020-05-22,79.722504,81803200
2020-05-26,79.182503,125522000
2020-05-27,79.527496,112945200
2020-05-28,79.562500,133560800
2020-05-29,79.485001,153532400
2020-06-01,80.462502,80791200
2020-06-02,80.834999,87642800
2020-06-03,81.279999,104491200
2020-06-04,80.580002,87560400
2020-06-05,82.875000,137250400
2020-06-08,83.364998,95654400
2020-06-09,85.997498,147712400
2020-06-10,88.209999,166651600
2020-06-11,83.974998,201662400
2020-06-12,84.699997,200146000
2020-06-15,85.747498,138808800
2020-06-16,88.019997,165428800
2020-06-17,87.897499,114406400
2020-06-18,87.932503,96820400
2020-06-19,87.430000,264476000
2020-06-22,89.717499,135445200
2020-06-23,91.632500,212155600
2020-06-24,90.014999,192623200
2020-06-25,91.209999,137522400
2020-06-26,88.407501,205256800
2020-06-29,90.445000,130646000
2020-06-30,91.199997,140223200
2020-07-01,91.027496,110737200
2020-07-02,91.027496,114041600
2020-07-06,93.462502,118655600
2020-07-07,93.172501,112424400
2020-07-08,95.342499,117092000
2020-07-09,95.752502,125642800
2020-07-10,95.919998,90257200
2020-07-13,95.477501,191649200
2020-07-14,97.057503,170989200
2020-07-15,97.724998,153198000
2020-07-16,96.522499,110577600
2020-07-17,96.327499,92186800
2020-07-20,98.357498,90318000
2020-07-21,97.000000,103433200
2020-07-22,97.272499,89001600
2020-07-23,92.845001,197004400
2020-07-24,92.614998,185438800
2020-07-27,94.809998,121214000
2020-07-28,93.252502,103625600
2020-07-29,95.040001,90329200
2020-07-30,96.190002,158130000
2020-07-31,106.260002,374336800
2020-08-03,108.937500,308151200
2020-08-04,109.665001,173071600
2020-08-05,110.062500,121776800
2020-08-06,113.902496,202428800
2020-08-07,111.112503,198045600
2020-08-10,112.727501,212403600
2020-08-11,109.375000,187902400
2020-08-12,113.010002,165598000
2020-08-13,115.010002,210082000
2020-08-14,114.907501,165565200
2020-08-17,114.607498,119561600
2020-08-18,115.562500,105633600
2020-08-19,115.707497,145538000
2020-08-20,118.275002,126907200
2020-08-21,124.370003,338054800
2020-08-24,125.857498,345937600
2020-08-25,124.824997,211495600
2020-08-26,126.522499,163022400
2020-08-27,125.010002,155552400
2020-08-28,124.807503,187630000
2020-08-31,129.039993,225702700
2020-09-01,134.179993,151948100
2020-09-02,131.399994,200119000
2020-09-03,120.879997,257599600
2020-09-04,120.959999,332607200
2020-09-08,112.820000,231366600
2020-09-09,117.320000,176940500
2020-09-10,113.489998,182274400
2020-09-11,112.000000,180860300
2020-09-14,115.360001,140150100
2020-09-15,115.540001,184642000
2020-09-16,112.129997,154679000
2020-09-17,110.339996,178011000
2020-09-18,106.839996,287104900
2020-09-21,110.080002,195713800
2020-09-22,111.809998,183055400
2020-09-23,107.120003,150718700
2020-09-24,108.220001,167743300
2020-09-25,112.279999,149981400
2020-09-28,114.959999,137672400
2020-09-29,114.089996,99382200
2020-09-30,115.809998,142675200
2020-10-01,116.790001,116120400
2020-10-02,113.019997,144712000
2020-10-05,116.500000,106243800
2020-10-06,113.160004,161498200
2020-10-07,115.080002,96849000
2020-10-08,114.970001,83477200
2020-10-09,116.970001,100506900
2020-10-12,124.400002,240226800
2020-10-13,121.099998,262330500
2020-10-14,121.190002,150712000
2020-10-15,120.709999,112559200
2020-10-16,119.019997,115393800
2020-10-19,115.980003,120639300
2020-10-20,117.510002,124423700
2020-10-21,116.870003,89946000
2020-10-22,115.750000,101988000
2020-10-23,115.040001,82572600
2020-10-26,115.050003,111850700
2020-10-27,116.599998,92276800
2020-10-28,111.199997,143937800
2020-10-29,115.320000,146129200
2020-10-30,108.860001,190272600
2020-11-02,108.769997,122866900
2020-11-03,110.440002,107624400
2020-11-04,114.949997,138235500
2020-11-05,119.029999,126387100
2020-11-06,118.690002,114457900
2020-11-09,116.320000,154515300
2020-11-10,115.970001,138023400
2020-11-11,119.489998,112295000
2020-11-12,119.209999,103162300
2020-11-13,119.260002,81581900
2020-11-16,120.300003,91183000
2020-11-17,119.389999,74271000
2020-11-18,118.029999,76322100
2020-11-19,118.639999,74113000
2020-11-20,117.339996,73604300
2020-11-23,113.849998,127959300
2020-11-24,115.169998,113874200
2020-11-25,116.029999,76499200
2020-11-27,116.589996,46691300
2020-11-30,119.050003,169410200
2020-12-01,122.720001,127728200
2020-12-02,123.080002,89004200
2020-12-03,122.940002,78967600
2020-12-04,122.250000,78260400
2020-12-07,123.750000,86712000
2020-12-08,124.379997,82225500
2020-12-09,121.779999,115089200
2020-12-10,123.239998,81312200
2020-12-11,122.410004,86939800
2020-12-14,121.779999,79184500
2020-12-15,127.879997,157243700
2020-12-16,127.809998,98208600
2020-12-17,128.699997,94359800
2020-12-18,126.660004,192541500
2020-12-21,128.229996,121251600
2020-12-22,131.880005,168904800
2020-12-23,130.960007,88223700
2020-12-24,131.970001,54930100
2020-12-28,136.690002,124486200
2020-12-29,134.869995,121047300
2020-12-30,133.720001,96452100
2020-12-31,132.690002,99116600
2021-01-04,129.410004,143301900
2021-01-05,131.009995,97664900
2021-01-06,126.599998,155088000
2021-01-07,130.919998,109578200
2021-01-08,132.050003,105158200
2021-01-11,128.979996,100384500
2021-01-12,128.800003,91951100
2021-01-13,130.889999,88636800
2021-01-14,128.910004,90221800
2021-01-15,127.139999,111598500
2021-01-19,127.830002,90757300
2021-01-20,132.029999,104319500
2021-01-21,136.869995,120150900
2021-01-22,139.070007,114459400
2021-01-25,142.919998,157611700
2021-01-26,143.160004,98390600
2021-01-27,142.059998,140843800
2021-01-28,137.089996,142621100
2021-01-29,131.960007,177523800
2021-02-01,134.139999,106239800
2021-02-02,134.990005,83305400
2021-02-03,133.940002,89880900
2021-02-04,137.389999,84183100
2021-02-05,136.759995,75693800
2021-02-08,136.910004,71297200
2021-02-09,136.009995,76774200
2021-02-10,135.389999,73046600
2021-02-11,135.130005,64280000
2021-02-12,135.369995,60145100
2021-02-16,133.190002,80576300
2021-02-17,130.839996,97918500
2021-02-18,129.710007,96856700
2021-02-19,129.869995,87668800
2021-02-22,126.000000,103916400
2021-02-23,125.860001,158273000
2021-02-24,125.349998,111039900
2021-02-25,120.989998,148199500
2021-02-26,121.260002,164560400
2021-03-01,127.790001,116307900
2021-03-02,125.120003,102260900
2021-03-03,122.059998,112966300
2021-03-04,120.129997,178155000
2021-03-05,121.419998,153766600
2021-03-08,116.360001,154376600
2021-03-09,121.089996,129525800
2021-03-10,119.980003,111943300
2021-03-11,121.959999,103026500
2021-03-12,121.029999,88105100
2021-03-15,123.989998,92403800
2021-03-16,125.570000,115227900
2021-03-17,124.760002,111932600
2021-03-18,120.529999,121229700
2021-03-19,119.989998,185549500
2021-03-22,123.389999,111912300
2021-03-23,122.540001,95467100
2021-03-24,120.089996,88530500
2021-03-25,120.589996,98844700
2021-03-26,121.209999,94071200
2021-03-29,121.389999,80819200
2021-03-30,119.900002,85671900
2021-03-31,122.150002,118323800
2021-04-01,123.000000,75089100
2021-04-05,125.900002,88651200
2021-04-06,126.209999,80171300
2021-04-07,127.900002,83466700
2021-04-08,130.360001,88844600
2021-04-09,133.000000,106686700
2021-04-12,131.240005,91420000
2021-04-13,134.429993,91266500
2021-04-14,132.029999,87222800
2021-04-15,134.500000,89347100
2021-04-16,134.160004,84922400
2021-04-19,134.839996,94264200
2021-04-20,133.110001,94812300
2021-04-21,133.500000,68847100
2021-04-22,131.940002,84566500
2021-04-23,134.320007,78657500
2021-04-26,134.720001,66905100
2021-04-27,134.389999,66015800
2021-04-28,133.580002,107760100
2021-04-29,133.479996,151101000
2021-04-30,131.460007,109839500
2021-05-03,132.539993,75135100
2021-05-04,127.849998,137564700
2021-05-05,128.100006,84000900
2021-05-06,129.740005,78128300
2021-05-07,130.210007,78973300
2021-05-10,126.849998,88071200
2021-05-11,125.910004,126142800
2021-05-12,122.769997,112172300
2021-05-13,124.970001,105861300
2021-05-14,127.449997,81918000
2021-05-17,126.269997,74244600
2021-05-18,124.849998,63342900
2021-05-19,124.690002,92612000
2021-05-20,127.309998,76857100
2021-05-21,125.430000,79295400
2021-05-24,127.099998,63092900
2021-05-25,126.900002,72009500
2021-05-26,126.849998,56575900
2021-05-27,125.279999,94625600
2021-05-28,124.610001,71311100
2021-06-01,124.279999,67637100
2021-06-02,125.059998,59278900
2021-06-03,123.540001,76229200
2021-06-04,125.889999,75169300
2021-06-07,125.900002,71057600
2021-06-08,126.739998,74403800
2021-06-09,127.129997,56877900
2021-06-10,126.110001,71186400
2021-06-11,127.349998,53522400
2021-06-14,130.479996,96906500
2021-06-15,129.639999,62746300
2021-06-16,130.149994,91815000
2021-06-17,131.789993,96721700
2021-06-18,130.460007,108953300
2021-06-21,132.300003,79663300
2021-06-22,133.979996,74783600
2021-06-23,133.699997,60214200
2021-06-24,133.410004,68711000
2021-06-25,133.110001,70783700
2021-06-28,134.779999,62111300
2021-06-29,136.330002,64556100
2021-06-30,136.960007,63261400
2021-07-01,137.270004,52485800
2021-07-02,139.960007,78852600
2021-07-06,142.020004,108181800
2021-07-07,144.570007,104911600
2021-07-08,143.240005,105575500
2021-07-09,145.110001,99890800
2021-07-12,144.500000,76299700
2021-07-13,145.639999,100827100
2021-07-14,149.149994,127050800
2021-07-15,148.479996,106820300
2021-07-16,146.389999,93251400
2021-07-19,142.449997,121434600
2021-07-20,146.149994,96350000
2021-07-21,145.399994,74993500
2021-07-22,146.800003,77338200
2021-07-23,148.559998,71447400
2021-07-26,148.990005,72434100
2021-07-27,146.770004,104818600
2021-07-28,144.979996,118931200
2021-07-29,145.639999,56699500
2021-07-30,145.860001,70440600
2021-08-02,145.520004,62880000
2021-08-03,147.360001,64786600
2021-08-04,146.949997,56368300
2021-08-05,147.059998,46397700
2021-08-06,146.139999,54126800
2021-08-09,146.089996,48908700
2021-08-10,145.600006,69023100
2021-08-11,145.860001,48493500
2021-08-12,148.889999,72282600
2021-08-13,149.100006,59375000
2021-08-16,151.119995,103296000
2021-08-17,150.190002,92229700
2021-08-18,146.360001,86326000
2021-08-19,146.699997,86960300
2021-08-20,148.190002,60549600
2021-08-23,149.710007,60131800
2021-08-24,149.619995,48606400
2021-08-25,148.360001,58991300
2021-08-26,147.539993,48597200
2021-08-27,148.600006,55802400
2021-08-30,153.119995,90956700
2021-08-31,151.830002,86453100
2021-09-01,152.509995,80313700
2021-09-02,153.649994,71115500
2021-09-03,154.300003,57808700
2021-09-07,156.690002,82278300
2021-09-08,155.110001,74420200
2021-09-09,154.070007,57305700
2021-09-10,148.970001,140893200
2021-09-13,149.550003,102404300
2021-09-14,148.119995,109296300
2021-09-15,149.029999,83281300
2021-09-16,148.789993,68034100
2021-09-17,146.059998,129868800
2021-09-20,142.940002,123478900
2021-09-21,143.429993,75834000
2021-09-22,145.850006,76404300
2021-09-23,146.830002,64838200
2021-09-24,146.919998,53477900
2021-09-27,145.369995,74150700
2021-09-28,141.910004,108972300
2021-09-29,142.830002,74602000
2021-09-30,141.500000,89056700
2021-10-01,142.649994,94639600
2021-10-04,139.139999,98322000
2021-10-05,141.110001,80861100
2021-10-06,142.000000,83221100
2021-10-07,143.289993,61732700
2021-10-08,142.899994,58773200
2021-10-11,142.809998,64452200
2021-10-12,141.509995,73035900
2021-10-13,140.910004,78762700
2021-10-14,143.759995,69907100
2021-10-15,144.839996,67940300
2021-10-18,146.550003,85589200
2021-10-19,148.759995,76378900
2021-10-20,149.259995,58418800
2021-10-21,149.479996,61421000
2021-10-22,148.690002,58883400
2021-10-25,148.639999,50720600
2021-10-26,149.320007,60893400
2021-10-27,148.850006,56094900
2021-10-28,152.570007,100077900
2021-10-29,149.800003,124953200
2021-11-01,148.960007,74588300
2021-11-02,150.020004,69122000
2021-11-03,151.490005,54511500
2021-11-04,150.960007,60394600
2021-11-05,151.279999,65463900
2021-11-08,150.440002,55020900
2021-11-09,150.809998,56787900
2021-11-10,147.919998,65187100
2021-11-11,147.869995,41000000
2021-11-12,149.990005,63804000
2021-11-15,150.000000,59222800
2021-11-16,151.000000,59256200
2021-11-17,153.490005,88807000
2021-11-18,157.869995,137827700
2021-11-19,160.550003,117305600
2021-11-22,161.020004,117467900
2021-11-23,161.410004,96041900
2021-11-24,161.940002,69463600
2021-11-26,156.809998,76959800
2021-11-29,160.240005,88748200
2021-11-30,165.300003,174048100
2021-12-01,164.770004,152052500
2021-12-02,163.759995,136739200
2021-12-03,161.839996,118023100
2021-12-06,165.320007,107497000
2021-12-07,171.179993,120405400
2021-12-08,175.080002,116998900
2021-12-09,174.559998,108923700
2021-12-10,179.449997,115402700
2021-12-13,175.740005,153237000
2021-12-14,174.330002,139380400
2021-12-15,179.300003,131063300
2021-12-16,172.259995,150185800
2021-12-17,171.139999,195432700
2021-12-20,169.750000,107499100
2021-12-21,172.990005,91185900
2021-12-22,175.639999,92135300
2021-12-23,176.279999,68356600
2021-12-27,180.330002,74919600
2021-12-28,179.289993,79144300
2021-12-29,179.380005,62348900
2021-12-30,178.199997,59773000
2021-12-31,177.570007,64062300
2022-01-03,182.009995,104487900
2022-01-04,179.699997,99310400
2022-01-05,174.919998,94537600
2022-01-06,172.000000,96904000
2022-01-07,172.169998,86709100
2022-01-10,172.190002,106765600
2022-01-11,175.080002,76138300
2022-01-12,175.529999,74805200
2022-01-13,172.190002,84505800
2022-01-14,173.070007,80440800
2022-01-18,169.800003,90956700
2022-01-19,166.229996,94815000
2022-01-20,164.509995,91420500
2022-01-21,162.410004,122848900
2022-01-24,161.619995,162294600
2022-01-25,159.779999,115798400
2022-01-26,159.690002,108275300
2022-01-27,159.220001,121954600
2022-01-28,170.330002,179935700
2022-01-31,174.779999,115541600
2022-02-01,174.610001,86213900
2022-02-02,175.839996,84914300
2022-02-03,172.899994,89418100
2022-02-04,172.389999,82465400
2022-02-07,171.660004,77251200
2022-02-08,174.830002,74829200
2022-02-09,176.279999,71285000
2022-02-10,172.119995,90865900
2022-02-11,168.639999,98670700
2022-02-14,168.880005,86185500
2022-02-15,172.789993,62527400
2022-02-16,172.550003,61177400
2022-02-17,168.880005,69589300
2022-02-18,167.300003,82772700
2022-02-22,164.320007,91162800
2022-02-23,160.070007,90009200
2022-02-24,162.740005,141147500
2022-02-25,164.850006,91974200
2022-02-28,165.119995,95056600
2022-03-01,163.199997,83474400
2022-03-02,166.559998,79724800
2022-03-03,166.229996,76678400
2022-03-04,163.169998,83737200
2022-03-07,159.300003,96418800
2022-03-08,157.440002,131148300
2022-03-09,162.949997,91454900
2022-03-10,158.520004,105342000
2022-03-11,154.729996,96970100
2022-03-14,150.619995,108732100
2022-03-15,155.089996,92964300
2022-03-16,159.589996,102300200
2022-03-17,160.619995,75615400
2022-03-18,163.979996,123511700
2022-03-21,165.380005,95811400
2022-03-22,168.820007,81532000
2022-03-23,170.210007,98062700
2022-03-24,174.070007,90131400
2022-03-25,174.720001,80546200
2022-03-28,175.600006,90371900
2022-03-29,178.960007,100589400
2022-03-30,177.770004,92633200
2022-03-31,174.610001,103049300
2022-04-01,174.309998,78751300
2022-04-04,178.440002,76468400
2022-04-05,175.059998,73401800
2022-04-06,171.830002,89058800
2022-04-07,172.139999,77594700
2022-04-08,170.089996,76575500
2022-04-11,165.750000,72246700
2022-04-12,167.660004,79265200
2022-04-13,170.399994,70618900
2022-04-14,165.289993,75329400
2022-04-18,165.070007,69023900
2022-04-19,167.399994,67723800
2022-04-20,167.229996,67929800
2022-04-21,166.419998,87227800
2022-04-22,161.789993,84882400
2022-04-25,162.880005,96046400
2022-04-26,156.800003,95623200
2022-04-27,156.570007,88063200
2022-04-28,163.639999,130216800
2022-04-29,157.649994,131747600
2022-05-02,157.960007,123055300
2022-05-03,159.479996,88966500
2022-05-04,166.020004,108256500
2022-05-05,156.770004,130525300
2022-05-06,157.279999,116124600
2022-05-09,152.059998,131577900
2022-05-10,154.509995,115366700
2022-05-11,146.500000,142689800
2022-05-12,142.559998,182602000
2022-05-13,147.110001,113990900
2022-05-16,145.539993,86643800
2022-05-17,149.240005,78336300
2022-05-18,140.820007,109742900
2022-05-19,137.350006,136095600
2022-05-20,137.589996,137426100
2022-05-23,143.110001,117726300
2022-05-24,140.360001,104132700
2022-05-25,140.520004,92482700
2022-05-26,143.779999,90601500
2022-05-27,149.639999,90978500
2022-05-31,148.839996,103718400
2022-06-01,148.710007,74286600
2022-06-02,151.210007,72348100
2022-06-03,145.380005,88570300
2022-06-06,146.139999,71598400
2022-06-07,148.710007,67808200
2022-06-08,147.960007,53950200
2022-06-09,142.639999,69473000
2022-06-10,137.130005,91437900
2022-06-13,131.880005,122207100
2022-06-14,132.759995,84784300
2022-06-15,135.429993,91533000
2022-06-16,130.059998,108123900
2022-06-17,131.559998,134520300
2022-06-21,135.869995,81000500
2022-06-22,135.350006,73409200
2022-06-23,138.270004,72433800
2022-06-24,141.660004,89116800
2022-06-27,141.660004,70207900
2022-06-28,137.440002,67083400
2022-06-29,139.229996,66242400
2022-06-30,136.720001,98964500
2022-07-01,138.929993,71051600
2022-07-05,141.559998,73353800
2022-07-06,142.919998,74064300
2022-07-07,146.350006,66253700
2022-07-08,147.039993,64547800
2022-07-11,144.869995,63141600
2022-07-12,145.860001,77588800
2022-07-13,145.490005,71185600
2022-07-14,148.470001,78140700
2022-07-15,150.169998,76259900
2022-07-18,147.070007,81420900
2022-07-19,151.000000,82982400
2022-07-20,153.039993,64823400
2022-07-21,155.350006,65086600
2022-07-22,154.089996,66675400
2022-07-25,152.949997,53623900
2022-07-26,151.600006,55138700
2022-07-27,156.789993,78620700
2022-07-28,157.350006,81378700
2022-07-29,162.509995,101786900
2022-08-01,161.509995,67829400
2022-08-02,160.009995,59907000
2022-08-03,166.130005,82507500
2022-08-04,165.809998,55474100
2022-08-05,165.350006,56697000
2022-08-08,164.869995,60276900
2022-08-09,164.919998,63135500
2022-08-10,169.240005,70170500
2022-08-11,168.490005,57149200
2022-08-12,172.100006,68039400
2022-08-15,173.190002,54091700
2022-08-16,173.029999,56377100
2022-08-17,174.550003,79542000
2022-08-18,174.149994,62290100
2022-08-19,171.520004,70346300
2022-08-22,167.570007,69026800
2022-08-23,167.229996,54147100
2022-08-24,167.529999,53841500
2022-08-25,170.029999,51218200
2022-08-26,163.619995,78961000
2022-08-29,161.380005,73314000
2022-08-30,158.910004,77906200
2022-08-31,157.220001,87991100
2022-09-01,157.960007,74229900
2022-09-02,155.809998,76957800
2022-09-06,154.529999,73714800
2022-09-07,155.960007,87449600
2022-09-08,154.460007,84923800
2022-09-09,157.369995,68028800
2022-09-12,163.429993,104956000
2022-09-13,153.839996,122656600
2022-09-14,155.309998,87965400
2022-09-15,152.369995,90481100
2022-09-16,150.699997,162278800
2022-09-19,154.479996,81474200
2022-09-20,156.899994,107689800
2022-09-21,153.720001,101696800
2022-09-22,152.740005,86652500
2022-09-23,150.429993,96029900
2022-09-26,150.770004,93339400
2022-09-27,151.759995,84442700
2022-09-28,149.839996,146691400
2022-09-29,142.479996,128138200
2022-09-30,138.199997,124925300
2022-10-03,142.449997,114311700
2022-10-04,146.100006,87830100
2022-10-05,146.399994,79471000
2022-10-06,145.429993,68402200
2022-10-07,140.089996,85925600
2022-10-10,140.419998,74899000
2022-10-11,138.979996,77033700
2022-10-12,138.339996,70433700
2022-10-13,142.990005,113224000
2022-10-14,138.380005,88598000
2022-10-17,142.410004,85250900
2022-10-18,143.750000,99136600
2022-10-19,143.860001,61758300
2022-10-20,143.389999,64522000
2022-10-21,147.270004,86548600
2022-10-24,149.449997,75981900
2022-10-25,152.339996,74732300
2022-10-26,149.350006,88194300
2022-10-27,144.800003,109180200
2022-10-28,155.740005,164762400
2022-10-31,153.339996,97943200
2022-11-01,150.649994,80379300
2022-11-02,145.029999,93604600
2022-11-03,138.880005,97918500
2022-11-04,138.380005,140814800
2022-11-07,138.919998,83374600
2022-11-08,139.500000,89908500
2022-11-09,134.869995,74917800
2022-11-10,146.869995,118854000
2022-11-11,149.699997,93979700
2022-11-14,148.279999,73374100
2022-11-15,150.039993,89868300
2022-11-16,148.789993,64218300
2022-11-17,150.720001,80389400
2022-11-18,151.289993,74829600
2022-11-21,148.009995,58724100
2022-11-22,150.179993,51804100
2022-11-23,151.070007,58301400
2022-11-25,148.110001,35195900
2022-11-28,144.220001,69246000
2022-11-29,141.169998,83763800
2022-11-30,148.029999,111380900
2022-12-01,148.309998,71250400
2022-12-02,147.809998,65447400
2022-12-05,146.630005,68826400
2022-12-06,142.910004,64727200
2022-12-07,140.940002,69721100
2022-12-08,142.649994,62128300
2022-12-09,142.160004,76097000
2022-12-12,144.490005,70462700
2022-12-13,145.470001,93886200
2022-12-14,143.210007,82291200
2022-12-15,136.500000,98931900
2022-12-16,134.509995,160156900
2022-12-19,132.369995,79592600
2022-12-20,132.300003,77432800
2022-12-21,135.449997,85928000
2022-12-22,132.229996,77852100
2022-12-23,131.860001,63814900
2022-12-27,130.029999,69007800
2022-12-28,126.040001,85438400
2022-12-29,129.610001,75703700
2022-12-30,129.929993,76960600